publishedAt,title
2025-07-24,Google is getting a boost from AI after spending billions
2025-07-24,Apple's iOS 26 brings the most significant change to your iPhone in years
2025-07-24,Here's How Much Traders Expect Intel Stock to Move After Earnings Today
2025-07-24,蘋果釋出iOS 26試用版引入「液態玻璃」新介面，預計秋季正式登場
2025-07-24,Analysts unveil bold Amazon stock price target before earnings
2025-07-24,AI Is Alphabet’s Rocket to a $3 Trillion Valuation. Is GOOGL Stock a Buy Here?
2025-07-24,"Understanding Apple's Position In Technology Hardware, Storage & Peripherals Industry Compared To Competitors"
2025-07-24,"Apple (AAPL) Isn’t Going To Buy Perplexity, Says Jim Cramer"
2025-07-24,AAPL STOCK NEWS: Apple Inc. (NASDAQ:AAPL) is Facing Securities Fraud Allegations – Investors with Losses are Notified to Contact BFA Law by August 19 Deadline
2025-07-24,Capital Wealth Management LLC Lowers Stock Position in Apple Inc. (NASDAQ:AAPL)
2025-07-24,"Apple launches AppleCare One, an insurance plan that covers up to three devices for $20 per month, including battery replacements, accidental damage, and more"
2025-07-24,Market Street Wealth Management Advisors LLC Boosts Position in Apple Inc. (NASDAQ:AAPL)
2025-07-24,Apple Inc. (NASDAQ:AAPL) Shares Purchased by Colorado Capital Management Inc.
2025-07-24,Apple Inc. (NASDAQ:AAPL) is Wendell David Associates Inc.’s Largest Position
2025-07-24,Apple Inc. (NASDAQ:AAPL) Position Decreased by CENTRAL TRUST Co
2025-07-24,Boomfish Wealth Group LLC Has $3.20 Million Stock Holdings in Apple Inc. (NASDAQ:AAPL)
2025-07-24,Global Trust Asset Management LLC Cuts Stock Position in Apple Inc. (NASDAQ:AAPL)
2025-07-24,"Anker Japan、厚さ約8.6mmの薄型設計ながらQi2対応でiPhoneを最大15Wで充電できるマグネット式ワイヤレス充電対応のモバイルバッテリー「Anker Nano Power Bank (5000mAh, MagGo, Slim)」を発売。"
2025-07-24,Perplexity AI、 Perplexity Pro/MaxプランでMCPをサポートした「Perplexity for Mac」をリリース。
2025-07-24,"Apple Is Going To Surprise Wall Street, Says Tom Lee, As iPhone Maker 'Could Be Quietly Ready To Pounce On AI'"
2025-07-24,"Apple (AAPL) iPhone Demand Drops in June, UBS Sticks With Neutral Rating"
2025-07-23,Apple (AAPL) Stock Rated Hold as HSBC Flags AI Letdown and Tariff Risks
2025-07-23,Anker Japanがコクヨと共同開発したコンパクトポーチ「Anker Smart Pouch」の5%OFFクーポンセールが開催中。
2025-07-23,Google shares climb following Q2 earnings beat
2025-07-23,"Google beats on Q2 earnings, raises capex expeditures"
2025-07-23,Apple、月額19.99ドルで最大3台のAppleデバイスの修理サービスやサポートを行う「AppleCare One」をアメリカで開始。
2025-07-23,Trump Media Now Boasts $2 Billion of Bitcoin. How Should You Play DJT Stock Here?
2025-07-23,Here's What You Need to Know Ahead of Google Parent Alphabet's Earnings Today
2025-07-23,Apple cites U.S. Supreme Court’s birthright ruling in lawsuit appeal against Fortnite developer Epic Games
2025-07-23,yahoo-finance-mcp added to PyPI
2025-07-23,"Performance Comparison: Apple And Competitors In Technology Hardware, Storage & Peripherals Industry"
2025-07-23,Analyst Calling for Apple (AAPL) CEO Tim Cook’s Exit Says Company ‘Fooled’ Investors About AI
2025-07-23,AI trade takes center stage as Big Tech earnings season kicks off
2025-07-23,Analyst Calling for Apple (AAPL) CEO Tim Cook’s Exit Says Company ‘Fooled’ Investors About AI
2025-07-23,Apple Launches $20-a-Month AppleCare One Plan Covering Up to Three Devices
2025-07-23,"As Taiwan Semi Joins the Trillion-Dollar Club, Should You Buy, Sell, or Hold TSM Stock?"
2025-07-23,Wikipedia for iPhone/iPadアプリがタブブラウジングに対応。
2025-07-23,Apple Inc. (NASDAQ:AAPL) Shares Sold by WD Rutherford LLC
2025-07-23,Apple Inc. (NASDAQ:AAPL) is Vista Investment Partners LLC’s 2nd Largest Position
2025-07-23,Apple Inc. (NASDAQ:AAPL) is Edge Financial Advisors LLC’s 8th Largest Position
2025-07-23,Searcy Financial Services Inc. ADV Boosts Stock Holdings in Apple Inc. (NASDAQ:AAPL)
2025-07-23,Apple Inc. (NASDAQ:AAPL) is Bfsg LLC’s 4th Largest Position
2025-07-23,Insigneo Advisory Services LLC Trims Holdings in Apple Inc. (NASDAQ:AAPL)
2025-07-23,Pacific Capital Wealth Advisors Inc. Acquires 69 Shares of Apple Inc. (NASDAQ:AAPL)
2025-07-23,"Berkshire Bank Sells 8,914 Shares of Apple Inc. (NASDAQ:AAPL)"
2025-07-23,"Chicago Capital LLC Sells 63,877 Shares of Apple Inc. (NASDAQ:AAPL)"
2025-07-23,Rakuten Securities Inc. Buys 277 Shares of Apple Inc. (NASDAQ:AAPL)
2025-07-23,NBT Bank N A NY Raises Holdings in Apple Inc. (NASDAQ:AAPL)
2025-07-23,Inscription Capital LLC Invests $31.31 Million in Apple Inc. (NASDAQ:AAPL)
2025-07-23,Technology Stocks To Follow Now – July 21st
2025-07-23,Foldable iPhone's Display Sizes Leaked - MacRumors
2025-07-23,Apple (AAPL) Is Getting Ready to Launch Its First Foldable iPhone - TipRanks
2025-07-23,"5 ETFs to buy with $5,000 to build a winning portfolio"
2025-07-22,Twelve South、USB-C PDポートとQi2対応のワイヤレス充電器を搭載し、コンセントをiPhoneの充電ドックとして使えるようにする「PowerBug」を発売。
2025-07-22,Apple、開発者向けに「macOS 26 Tahoe」や「iOS/iPadOS 26」、「visionOS 26」などのBeta 4を公開。
2025-07-22,Texas Instruments Stock Slumps on Soft Profit Forecast
2025-07-22,ロジクール、2020年に発売したワイヤレスキーボード「K295」と同じテンキー付きながらよりコンパクトでBluetooth接続に対応したワイヤレスキーボード「K250」を発売。
2025-07-22,Morgan Stanley recalibrates its view on Apple stock ahead of earnings
2025-07-22,Google to report Q2 earnings as Wall Street looks for AI revenue gains
2025-07-22,國際盤勢／標普再創高！美日關稅敲定降至15%　日經爆噴韓股齊揚
2025-07-22,蘋果App Store修正方案或可獲歐盟批准，週二股價續漲0.90%，連三紅
2025-07-22,"Apple (AAPL) Analysts Stay Positive Ahead of Earnings, But AI Clarity Still Needed"
2025-07-22,Vibe Coding Something Useful with Repl.it
2025-07-22,"Comparing Apple With Industry Competitors In Technology Hardware, Storage & Peripherals Industry"
2025-07-22,Polen Focus Growth Strategy Exited Apple (AAPL) in Q2. Here’s Why
2025-07-22,Polen Focus Growth Strategy Exited Apple (AAPL) in Q2. Here’s Why
2025-07-22,"PSQ Holdings adds Apple, Google Pay to its PSQ Payments platform"
2025-07-22,"PSQ Holdings adds Apple, Google Pay to its PSQ Payments platform"
2025-07-22,AAPL DEADLINE: Lose Money on Apple Inc. (NASDAQ:AAPL)? You may have been Affected by Fraud and are Urged to Contact BFA Law by August 19
2025-07-22,Acquisitions dans le secteur de l’IA : Apple ne chercherait pas à concurrencer les moteurs de recherche
2025-07-22,Weekly Research Analysts’ Ratings Changes for Apple (AAPL)
2025-07-22,Grove Bank & Trust Has $38.34 Million Stock Position in Apple Inc. (NASDAQ:AAPL)
2025-07-22,Claris Advisors LLC MO Has $2.36 Million Stock Holdings in Apple Inc. (NASDAQ:AAPL)
2025-07-22,"Signature Wealth Management Group Acquires 1,211 Shares of Apple Inc. (NASDAQ:AAPL)"
2025-07-22,"Precedent Wealth Partners LLC Purchases 1,185 Shares of Apple Inc. (NASDAQ:AAPL)"
2025-07-22,"Avid Wealth Partners LLC Has $935,000 Position in Apple Inc. (NASDAQ:AAPL)"
2025-07-22,Apple Inc. (NASDAQ:AAPL) Shares Acquired by Adero Partners LLC
2025-07-22,Apple Inc. (NASDAQ:AAPL) is Fortitude Advisory Group L.L.C.’s 3rd Largest Position
2025-07-22,Apple Inc. (NASDAQ:AAPL) Stock Holdings Reduced by Variant Private Wealth LLC
2025-07-22,Trevian Wealth Management LLC Has $1.81 Million Stock Position in Apple Inc. (NASDAQ:AAPL)
2025-07-22,Murphy Pohlad Asset Management LLC Decreases Stake in Apple Inc. (NASDAQ:AAPL)
2025-07-22,Apple Inc. (NASDAQ:AAPL) Shares Purchased by Highline Wealth Partners LLC
2025-07-22,"Community Trust & Investment Co. Buys 3,134 Shares of Apple Inc. (NASDAQ:AAPL)"
2025-07-22,Terramaster、アルミニウム筐体の広範囲を冷却フィン形状にしたUSB4対応のNVMe SSDケース「D1 SSD Plus」を発売。
2025-07-22,Buffett's Berkshire Just Isn't the Same -- And Investors Are Starting to Notice
2025-07-21,"Bragar Eagel & Squire, P.C. Is Investigating Apple, Sable, Abacus, and EchoStar and Encourages Investors to Contact the Firm"
2025-07-21,Fed Should Act As Economy Slows—Will Politics Delay It?
2025-07-21,ACASIS、M4チップ搭載のMac miniを収納しUSB-AやDP、NVMe SSDを2基増設できるThunderbolt/USB4対応ドック「ACASIS Mac Mini M4 ワークステーション」を今後日本でも発売。
2025-07-21,"As Trump Bets Big on Rare Earth Magnets, This Hidden-Gem Stock Could Soar"
2025-07-21,Apple、開発者向けに「macOS 15.6 Sequoia」や「iOS/iPadOS 18.6」、「visionOS 2.6」のRC版を公開。
2025-07-21,Apple、開発者向けに「macOS 15.6 Sequoia」や「iOS/iPadOS 18.6」、「visionOS 2.6」のRC版を公開。
2025-07-21,大摩估財報優於預期，蘋果股價週一續漲0.62%，觸及近三週高點
2025-07-21,"Apple Stock Forecast: As Critics Call for Cook to Step Down, How Bad Are Things Really for AAPL?"
2025-07-21,Is Netflix Stock Still a Smart Buy After Q2 Earnings?
2025-07-21,"Apple Stock Forecast: As Critics Call for Cook to Step Down, How Bad Are Things Really for AAPL?"
2025-07-21,"Assessing Apple's Performance Against Competitors In Technology Hardware, Storage & Peripherals Industry"
2025-07-21,"U.S. stock market hits fresh record highs—Dow, S&P 500, Nasdaq climb, driven by Verizon, Block, Cleveland‑Cliffs gains"
2025-07-21,How this tech CEO competes with Meta's AI talent spending spree
2025-07-21,"Apple Inc. (AAPL)’s “Got Game,” Says Jim Cramer"
2025-07-21,APPLE INC. (NASDAQ: AAPL) SHAREHOLDER ALERT Bernstein Liebhard LLP Reminds Apple Inc. Investors of Upcoming Deadline
